Feature,Importance
Age,0.27043258212583426
Balance,0.12911307104545042
NumOfProducts,0.1242508172210363
EstimatedSalary,0.11365152196076947
CreditScore,0.10890010064722198
Tenure,0.09917734763184854
IsActiveMember,0.05992221330885063
Geography_Germany,0.045321061259442665
Gender_Male,0.01792236034557448
HasCrCard,0.01746495826598214
Geography_Spain,0.013843966187989106
